AVCamPhotoFilter,https://developer.apple.com/library/content/samplecode/AVCamPhotoFilter/Listings/../Introduction/Intro.html,AVCamPhotoFilter: Using AVFoundation to Capture photos with image processing
AVCustomEdit,https://developer.apple.com/library/content/samplecode/AVCustomEdit/Listings/../Introduction/Intro.html,AVCustomEdit
avexporter,https://developer.apple.com/library/content/samplecode/avexporter/Listings/../Introduction/Intro.html,AVFoundationExporter: Exporting and Transcoding Movies
AVFoundationSimplePlayer-iOS,https://developer.apple.com/library/content/samplecode/AVFoundationSimplePlayer-iOS/Listings/../Introduction/Intro.html,AVFoundationSimplePlayer-iOS: Using AVFoundation to Play Media
ReaderWriter,https://developer.apple.com/library/content/samplecode/ReaderWriter/Listings/../Introduction/Intro.html,AVReaderWriter: Offline Audio / Video Processing
AccessibilityUIExamples,https://developer.apple.com/library/content/samplecode/AccessibilityUIExamples/Listings/../Introduction/Intro.html,AccessibilityUIExamples
AppChat,https://developer.apple.com/library/content/samplecode/AppChat/Listings/../Introduction/Intro.html,AppChat: Using Peek and Pop APIs
ApplicationShortcuts,https://developer.apple.com/library/content/samplecode/ApplicationShortcuts/Listings/../Introduction/Intro.html,ApplicationShortcuts: Using UIApplicationShortcutItem
AudioInARKit,https://developer.apple.com/library/content/samplecode/AudioInARKit/Listings/../Introduction/Intro.html,Audio in ARKit
AudioUnitV3Example,https://developer.apple.com/library/content/samplecode/AudioUnitV3Example/Listings/../Introduction/Intro.html,AudioUnitV3Example: A Basic AudioUnit Extension and Host Implementation
CFHostSample,https://developer.apple.com/library/content/samplecode/CFHostSample/Listings/../Introduction/Intro.html,CFHostSample
DemoBots,https://developer.apple.com/library/content/samplecode/DemoBots/Listings/../Introduction/Intro.html,DemoBots: Building a Cross Platform Game with SpriteKit and GameplayKit
DotViewUndo,https://developer.apple.com/library/content/samplecode/DotViewUndo/Listings/../Introduction/Intro.html,DotViewUndo
UsingPhotosFramework,https://developer.apple.com/library/content/samplecode/UsingPhotosFramework/Listings/../Introduction/Intro.html,Example app using Photos framework
Fox,https://developer.apple.com/library/content/samplecode/Fox/Listings/../Introduction/Intro.html,Fox: Building a SceneKit Game with the Xcode Scene Editor
GeometricPrimitives,https://developer.apple.com/library/content/samplecode/GeometricPrimitives/Listings/../Introduction/Intro.html,Geometric Primitives: Exact Orientation and Incircle Predicates using simd
InteractiveContent,https://developer.apple.com/library/content/samplecode/InteractiveContent/Listings/../Introduction/Intro.html,Interactive Content with ARKit
MPSMatrixMultiplicationSample,https://developer.apple.com/library/content/samplecode/MPSMatrixMultiplicationSample/Listings/../Introduction/Intro.html,MPSMatrixMultiplication: Creating and Multiplying Matrices in Metal
MetalImageFilters,https://developer.apple.com/library/content/samplecode/MetalImageFilters/Listings/../Introduction/Intro.html,Metal Image Filters: Using the image filters provided by the Metal Performance S ...
MetalImageRecognition,https://developer.apple.com/library/content/samplecode/MetalImageRecognition/Listings/../Introduction/Intro.html,MetalImageRecognition: Performing Image Recognition with Inception_v3 Network us ...
MotionGraphs,https://developer.apple.com/library/content/samplecode/MotionGraphs/Listings/../Introduction/Intro.html,MotionGraphs
NSTouchBarCatalog,https://developer.apple.com/library/content/samplecode/NSTouchBarCatalog/Listings/../Introduction/Intro.html,NSTouchBar Catalog: Creating and Customizing NSTouchBar
PotLoc,https://developer.apple.com/library/content/samplecode/PotLoc/Listings/../Introduction/Intro.html,PotLoc: CoreLocation with iPhone and Apple Watch
PrintPhoto,https://developer.apple.com/library/content/samplecode/PrintPhoto/Listings/../Introduction/Intro.html,PrintPhoto: Using the Printing API with Photos
Scoreboard,https://developer.apple.com/library/content/samplecode/Scoreboard/Listings/../Introduction/Intro.html,Scoreboard: A demonstration of RTL support on macOS using NSStackView and locali ...
ShapeEdit,https://developer.apple.com/library/content/samplecode/ShapeEdit/Listings/../Introduction/Intro.html,ShapeEdit: Building a Simple iCloud Document App
SimpleTunnel,https://developer.apple.com/library/content/samplecode/SimpleTunnel/Listings/../Introduction/Intro.html,SimpleTunnel: Customized Networking Using the NetworkExtension Framework
TVMLGuide,https://developer.apple.com/library/content/samplecode/TVMLGuide/Listings/../Introduction/Intro.html,TVML Guide: Core concepts in TVML and TVMLKit
TalkingToTheLiveView,https://developer.apple.com/library/content/samplecode/TalkingToTheLiveView/Listings/../Introduction/Intro.html,TalkingToTheLiveView: Sending messages to a Swift Playground live view and savin ...
ToolbarSample,https://developer.apple.com/library/content/samplecode/ToolbarSample/Listings/../Introduction/Intro.html,ToolbarSample: Using NSToolbar to construct a window toolbar
TouchCanvas,https://developer.apple.com/library/content/samplecode/TouchCanvas/Listings/../Introduction/Intro.html,TouchCanvas: Using UITouch efficiently and effectively
UICatalog,https://developer.apple.com/library/content/samplecode/UICatalog/Listings/../Introduction/Intro.html,UIKit Catalog (iOS): Creating and Customizing UIKit Controls
UnicornChat,https://developer.apple.com/library/content/samplecode/UnicornChat/Listings/../Introduction/Intro.html,UnicornChat: Extending Your Apps with SiriKit
UnitTests,https://developer.apple.com/library/content/samplecode/UnitTests/Listings/../Introduction/Intro.html,Unit Testing Apps and Frameworks
ViewControllerPreviews,https://developer.apple.com/library/content/samplecode/ViewControllerPreviews/Listings/../Introduction/Intro.html,ViewControllerPreviews: Using the UIViewController previewing APIs
