AVCamBarcode,https://developer.apple.com/library/content/samplecode/AVCamBarcode/Listings/../Introduction/Intro.html,AVCamBarcode: Using AVFoundation to Detect Barcodes and Faces,"Sep 19, 2017"
AVCamPhotoFilter,https://developer.apple.com/library/content/samplecode/AVCamPhotoFilter/Listings/../Introduction/Intro.html,AVCamPhotoFilter: Using AVFoundation to Capture photos with image processing,"Sep 19, 2017"
AVCustomEdit,https://developer.apple.com/library/content/samplecode/AVCustomEdit/Listings/../Introduction/Intro.html,AVCustomEdit,"Aug 17, 2017"
avloopplayer,https://developer.apple.com/library/content/samplecode/avloopplayer/Listings/../Introduction/Intro.html,AVFoundation Looping Player: Using AVQueuePlayer and AVPlayerLooper to demonstra ...,"Sep 13, 2016"
avexporter,https://developer.apple.com/library/content/samplecode/avexporter/Listings/../Introduction/Intro.html,AVFoundationExporter: Exporting and Transcoding Movies,"Sep 13, 2016"
AVFoundationSimplePlayer-iOS,https://developer.apple.com/library/content/samplecode/AVFoundationSimplePlayer-iOS/Listings/../Introduction/Intro.html,AVFoundationSimplePlayer-iOS: Using AVFoundation to Play Media,"Sep 13, 2016"
ReaderWriter,https://developer.apple.com/library/content/samplecode/ReaderWriter/Listings/../Introduction/Intro.html,AVReaderWriter: Offline Audio / Video Processing,"Sep 13, 2016"
AccessibilityUIExamples,https://developer.apple.com/library/content/samplecode/AccessibilityUIExamples/Listings/../Introduction/Intro.html,AccessibilityUIExamples,"Sep 12, 2017"
AdaptiveElements,https://developer.apple.com/library/content/samplecode/AdaptiveElements/Listings/../Introduction/Intro.html,AdaptiveElements: Implementing Your Own Adaptive Design with UIKit,"Sep 13, 2016"
AdoptingMetalII,https://developer.apple.com/library/content/samplecode/AdoptingMetalII/Listings/../Introduction/Intro.html,Adopting Metal II: Designing and Implementing a Real-World Metal Renderer,"Sep 13, 2016"
AppChat,https://developer.apple.com/library/content/samplecode/AppChat/Listings/../Introduction/Intro.html,AppChat: Using Peek and Pop APIs,"Oct 27, 2016"
ApplicationShortcuts,https://developer.apple.com/library/content/samplecode/ApplicationShortcuts/Listings/../Introduction/Intro.html,ApplicationShortcuts: Using UIApplicationShortcutItems,"Dec 14, 2017"
AudioInARKit,https://developer.apple.com/library/content/samplecode/AudioInARKit/Listings/../Introduction/Intro.html,Audio in ARKit,"Mar 08, 2018"
AudioUnitV3Example,https://developer.apple.com/library/content/samplecode/AudioUnitV3Example/Listings/../Introduction/Intro.html,AudioUnitV3Example: A Basic AudioUnit Extension and Host Implementation,"Jun 06, 2017"
CFHostSample,https://developer.apple.com/library/content/samplecode/CFHostSample/Listings/../Introduction/Intro.html,CFHostSample,"Mar 14, 2017"
DemoBots,https://developer.apple.com/library/content/samplecode/DemoBots/Listings/../Introduction/Intro.html,DemoBots: Building a Cross Platform Game with SpriteKit and GameplayKit,"Sep 13, 2016"
DotViewUndo,https://developer.apple.com/library/content/samplecode/DotViewUndo/Listings/../Introduction/Intro.html,DotViewUndo,"Aug 17, 2017"
UsingPhotosFramework,https://developer.apple.com/library/content/samplecode/UsingPhotosFramework/Listings/../Introduction/Intro.html,Example app using Photos framework,"Jun 06, 2017"
Flags,https://developer.apple.com/library/content/samplecode/Flags/Listings/../Introduction/Intro.html,Flags: A demonstration of automatic RTL support in Asset Catalogs and UIStackVie ...,"Oct 27, 2016"
footprint,https://developer.apple.com/library/content/samplecode/footprint/Listings/../Introduction/Intro.html,Footprint: Indoor Positioning with Core Location,"Sep 28, 2016"
scenekit-2017,https://developer.apple.com/library/content/samplecode/scenekit-2017/Listings/../Introduction/Intro.html,Fox 2: SceneKit WWDC 2017 sample code,"Feb 08, 2018"
Fox,https://developer.apple.com/library/content/samplecode/Fox/Listings/../Introduction/Intro.html,Fox: Building a SceneKit Game with the Xcode Scene Editor,"Sep 13, 2016"
GeometricPrimitives,https://developer.apple.com/library/content/samplecode/GeometricPrimitives/Listings/../Introduction/Intro.html,Geometric Primitives: Exact Orientation and Incircle Predicates using simd,"Sep 28, 2016"
InteractiveContent,https://developer.apple.com/library/content/samplecode/InteractiveContent/Listings/../Introduction/Intro.html,Interactive Content with ARKit,"Feb 15, 2018"
MPRemoteCommandSample,https://developer.apple.com/library/content/samplecode/MPRemoteCommandSample/Listings/../Introduction/Intro.html,MPRemoteCommandSample: Using MPRemoteCommandCenter respond to remote control eve ...,"Oct 27, 2016"
MPSCNNHelloWorld,https://developer.apple.com/library/content/samplecode/MPSCNNHelloWorld/Listings/../Introduction/Intro.html,MPSCNNHelloWorld: Simple Digit Detection Convolution Neural Networks (CNN),"Nov 17, 2016"
MPSMatrixMultiplicationSample,https://developer.apple.com/library/content/samplecode/MPSMatrixMultiplicationSample/Listings/../Introduction/Intro.html,MPSMatrixMultiplication: Creating and Multiplying Matrices in Metal,"Aug 21, 2017"
MetalImageFilters,https://developer.apple.com/library/content/samplecode/MetalImageFilters/Listings/../Introduction/Intro.html,Metal Image Filters: Using the image filters provided by the Metal Performance S ...,"Sep 13, 2016"
MetalImageRecognition,https://developer.apple.com/library/content/samplecode/MetalImageRecognition/Listings/../Introduction/Intro.html,MetalImageRecognition: Performing Image Recognition with Inception_v3 Network us ...,"Nov 12, 2016"
MotionGraphs,https://developer.apple.com/library/content/samplecode/MotionGraphs/Listings/../Introduction/Intro.html,MotionGraphs,"Feb 02, 2017"
NSTouchBarCatalog,https://developer.apple.com/library/content/samplecode/NSTouchBarCatalog/Listings/../Introduction/Intro.html,NSTouchBar Catalog: Creating and Customizing NSTouchBar,"Sep 21, 2017"
PotLoc,https://developer.apple.com/library/content/samplecode/PotLoc/Listings/../Introduction/Intro.html,PotLoc: CoreLocation with iPhone and Apple Watch,"Oct 04, 2016"
PrintPhoto,https://developer.apple.com/library/content/samplecode/PrintPhoto/Listings/../Introduction/Intro.html,PrintPhoto: Using the Printing API with Photos,"Oct 22, 2015"
Scoreboard,https://developer.apple.com/library/content/samplecode/Scoreboard/Listings/../Introduction/Intro.html,Scoreboard: A demonstration of RTL support on macOS using NSStackView and locali ...,"Oct 27, 2016"
ShapeEdit,https://developer.apple.com/library/content/samplecode/ShapeEdit/Listings/../Introduction/Intro.html,ShapeEdit: Building a Simple iCloud Document App,"Sep 13, 2016"
SimpleTunnel,https://developer.apple.com/library/content/samplecode/SimpleTunnel/Listings/../Introduction/Intro.html,SimpleTunnel: Customized Networking Using the NetworkExtension Framework,"Oct 04, 2016"
TVMLGuide,https://developer.apple.com/library/content/samplecode/TVMLGuide/Listings/../Introduction/Intro.html,TVML Guide: Core concepts in TVML and TVMLKit,"Jun 06, 2017"
TalkingToTheLiveView,https://developer.apple.com/library/content/samplecode/TalkingToTheLiveView/Listings/../Introduction/Intro.html,TalkingToTheLiveView: Sending messages to a Swift Playground live view and savin ...,"Sep 13, 2016"
ToolbarSample,https://developer.apple.com/library/content/samplecode/ToolbarSample/Listings/../Introduction/Intro.html,ToolbarSample: Using NSToolbar to construct a window toolbar,"Jan 19, 2017"
TouchCanvas,https://developer.apple.com/library/content/samplecode/TouchCanvas/Listings/../Introduction/Intro.html,TouchCanvas: Using UITouch efficiently and effectively,"Nov 16, 2017"
UICatalogFortvOS,https://developer.apple.com/library/content/samplecode/UICatalogFortvOS/Listings/../Introduction/Intro.html,UIKit Catalog (tvOS): Creating and Customizing UIKit Controls,"Feb 02, 2017"
UnicornChat,https://developer.apple.com/library/content/samplecode/UnicornChat/Listings/../Introduction/Intro.html,UnicornChat: Extending Your Apps with SiriKit,"Oct 27, 2016"
UnitTests,https://developer.apple.com/library/content/samplecode/UnitTests/Listings/../Introduction/Intro.html,Unit Testing Apps and Frameworks,"Sep 19, 2017"
ViewControllerPreviews,https://developer.apple.com/library/content/samplecode/ViewControllerPreviews/Listings/../Introduction/Intro.html,ViewControllerPreviews: Using the UIViewController previewing APIs,"Sep 13, 2016"
