AVCamPhotoFilter,https://developer.apple.com/library/content/samplecode/AVCamPhotoFilter/Listings/../Introduction/Intro.html
AVCustomEdit,https://developer.apple.com/library/content/samplecode/AVCustomEdit/Listings/../Introduction/Intro.html
avexporter,https://developer.apple.com/library/content/samplecode/avexporter/Listings/../Introduction/Intro.html
AVFoundationSimplePlayer-iOS,https://developer.apple.com/library/content/samplecode/AVFoundationSimplePlayer-iOS/Listings/../Introduction/Intro.html
ReaderWriter,https://developer.apple.com/library/content/samplecode/ReaderWriter/Listings/../Introduction/Intro.html
AccessibilityUIExamples,https://developer.apple.com/library/content/samplecode/AccessibilityUIExamples/Listings/../Introduction/Intro.html
AppChat,https://developer.apple.com/library/content/samplecode/AppChat/Listings/../Introduction/Intro.html
ApplicationShortcuts,https://developer.apple.com/library/content/samplecode/ApplicationShortcuts/Listings/../Introduction/Intro.html
AudioInARKit,https://developer.apple.com/library/content/samplecode/AudioInARKit/Listings/../Introduction/Intro.html
AudioUnitV3Example,https://developer.apple.com/library/content/samplecode/AudioUnitV3Example/Listings/../Introduction/Intro.html
CFHostSample,https://developer.apple.com/library/content/samplecode/CFHostSample/Listings/../Introduction/Intro.html
DemoBots,https://developer.apple.com/library/content/samplecode/DemoBots/Listings/../Introduction/Intro.html
DotViewUndo,https://developer.apple.com/library/content/samplecode/DotViewUndo/Listings/../Introduction/Intro.html
UsingPhotosFramework,https://developer.apple.com/library/content/samplecode/UsingPhotosFramework/Listings/../Introduction/Intro.html
Fox,https://developer.apple.com/library/content/samplecode/Fox/Listings/../Introduction/Intro.html
GeometricPrimitives,https://developer.apple.com/library/content/samplecode/GeometricPrimitives/Listings/../Introduction/Intro.html
InteractiveContent,https://developer.apple.com/library/content/samplecode/InteractiveContent/Listings/../Introduction/Intro.html
MPSMatrixMultiplicationSample,https://developer.apple.com/library/content/samplecode/MPSMatrixMultiplicationSample/Listings/../Introduction/Intro.html
MetalImageFilters,https://developer.apple.com/library/content/samplecode/MetalImageFilters/Listings/../Introduction/Intro.html
MetalImageRecognition,https://developer.apple.com/library/content/samplecode/MetalImageRecognition/Listings/../Introduction/Intro.html
MotionGraphs,https://developer.apple.com/library/content/samplecode/MotionGraphs/Listings/../Introduction/Intro.html
NSTouchBarCatalog,https://developer.apple.com/library/content/samplecode/NSTouchBarCatalog/Listings/../Introduction/Intro.html
PotLoc,https://developer.apple.com/library/content/samplecode/PotLoc/Listings/../Introduction/Intro.html
PrintPhoto,https://developer.apple.com/library/content/samplecode/PrintPhoto/Listings/../Introduction/Intro.html
Scoreboard,https://developer.apple.com/library/content/samplecode/Scoreboard/Listings/../Introduction/Intro.html
ShapeEdit,https://developer.apple.com/library/content/samplecode/ShapeEdit/Listings/../Introduction/Intro.html
SimpleTunnel,https://developer.apple.com/library/content/samplecode/SimpleTunnel/Listings/../Introduction/Intro.html
TVMLGuide,https://developer.apple.com/library/content/samplecode/TVMLGuide/Listings/../Introduction/Intro.html
TalkingToTheLiveView,https://developer.apple.com/library/content/samplecode/TalkingToTheLiveView/Listings/../Introduction/Intro.html
ToolbarSample,https://developer.apple.com/library/content/samplecode/ToolbarSample/Listings/../Introduction/Intro.html
TouchCanvas,https://developer.apple.com/library/content/samplecode/TouchCanvas/Listings/../Introduction/Intro.html
UICatalog,https://developer.apple.com/library/content/samplecode/UICatalog/Listings/../Introduction/Intro.html
UnicornChat,https://developer.apple.com/library/content/samplecode/UnicornChat/Listings/../Introduction/Intro.html
UnitTests,https://developer.apple.com/library/content/samplecode/UnitTests/Listings/../Introduction/Intro.html
ViewControllerPreviews,https://developer.apple.com/library/content/samplecode/ViewControllerPreviews/Listings/../Introduction/Intro.html
